{"timestamps": [1474082273.734952, 1474082276.124967, 1474082276.32451, 1474082276.489388, 1474082276.636164, 1474082276.76151, 1474082276.908687, 1474082277.076769, 1474082279.391132, 1474082279.557384, 1474082279.682124, 1474082279.807944, 1474082279.932318, 1474082280.061014, 1474082280.197705, 1474082280.324727, 1474082280.459401, 1474082280.589735, 1474082280.722335, 1474082280.866083, 1474082280.992057, 1474082281.119561, 1474082281.252221, 1474082281.377125, 1474082281.503774, 1474082281.627111, 1474082281.754701, 1474082284.014177, 1474082284.214907, 1474082284.368626, 1474082284.51457, 1474082284.651992, 1474082284.800027, 1474082284.932929, 1474082285.067278, 1474082285.20762, 1474082285.336043, 1474082285.429347], "initial_reset_timestamp": 1474082269.901349, "episode_lengths": [200, 200, 200, 200, 200, 200, 200, 200, 200, 200, 200, 200, 200, 200, 200, 200, 200, 200, 200, 200, 200, 200, 200, 200, 200, 200, 200, 200, 200, 200, 200, 200, 200, 200, 200, 200, 200, 91], "episode_rewards": [-200.0, -200.0, -200.0, -200.0, -200.0, -200.0, -200.0, -200.0, -200.0, -200.0, -200.0, -200.0, -200.0, -200.0, -200.0, -200.0, -200.0, -200.0, -200.0, -200.0, -200.0, -200.0, -200.0, -200.0, -200.0, -200.0, -200.0, -200.0, -200.0, -200.0, -200.0, -200.0, -200.0, -200.0, -200.0, -200.0, -200.0, -91.0]}